Function, X, Result
cos,0.0,1.0
cos,1.5707963267948966,0.0
cos,3.141592653589793,-1.0
cos,4.71238898038469,0.0
cos,6.283185307179586,1.0
cos,1.0,0.5403023058681398
cos,2.0,-0.4161468365471423
cos,3.0,-0.9899924966004455
cos,4.0,-0.6536436208636119
cos,1000000.0,0.9367521275331449
cos,-1000000.0,0.9367521275331449
cos,-1.0,0.5403023058681398
cos,-2.0,-0.4161468365471423
cos,-1.5707963267948966,0.0
cos,-3.141592653589793,-1.0
