Function, X, Result
function,0.0,0.0
function,-0.5,-0.546302
function,-1.0,-1.557407724654902
function,0.5,0.0015123718730708855
function,1.0,NaN
function,1.5,6.059312318933676E-5
function,2.0,0.0015123820433157222
function,3.0,0.023975929970211116
function,5.0,0.23700314603205114
