Function, X, Result
ln,-1.0,NaN
ln,0.0,NaN
ln,0.1,-2.30258509224551
ln,0.5,-0.6931471805498115
ln,1.0,0.0
ln,2.0,0.6931471805498115
ln,10.0,2.302585092245511
