Function, X, Result
sin,0.0,0.0
sin,0.7853981633974483,0.7071067811865475
sin,1.5707963267948966,1.0000000000000002
sin,3.141592653589793,2.479060685682187E-16
sin,4.71238898038469,-0.9999999999999999
sin,0.0,0.0
sin,-0.7853981633974483,-0.7071067811865475
sin,-1.5707963267948966,-1.0000000000000002
sin,-3.141592653589793,-2.479060685682187E-16
sin,-4.71238898038469,0.9999999999999999
sin,-0.0,0.0
sin,5.925621140132833,-0.3499935021347767
