Function, X, Result
tan,0.0,0.0
tan,0.7853981633974483,0.9999999999999999
tan,-0.7853981633974483,-0.9999999999999999
tan,1.5707963267948966,NaN
tan,2.356194490192345,1.0000000000000002
tan,3.141592653589793,-0.0
tan,4.71238898038469,NaN
tan,0.5,0.5463029918779155
tan,-0.5,-0.5463029918779155
