{
  "Total" : {
    "transaction" : "Total",
    "sampleCount" : 500,
    "errorCount" : 76,
    "errorPct" : 15.2,
    "meanResTime" : 10957.906000000003,
    "medianResTime" : 7075.5,
    "minResTime" : 1577.0,
    "maxResTime" : 17831.0,
    "pct1ResTime" : 17631.7,
    "pct2ResTime" : 17731.8,
    "pct3ResTime" : 17811.95,
    "throughput" : 25.749304768771243,
    "receivedKBytesPerSec" : 5.820549876403337,
    "sentKBytesPerSec" : 3.9730372592440006
  },
  "config 2 req" : {
    "transaction" : "config 2 req",
    "sampleCount" : 500,
    "errorCount" : 76,
    "errorPct" : 15.2,
    "meanResTime" : 10957.906000000003,
    "medianResTime" : 7075.5,
    "minResTime" : 1577.0,
    "maxResTime" : 17831.0,
    "pct1ResTime" : 17631.7,
    "pct2ResTime" : 17731.8,
    "pct3ResTime" : 17811.95,
    "throughput" : 25.749304768771243,
    "receivedKBytesPerSec" : 5.820549876403337,
    "sentKBytesPerSec" : 3.9730372592440006
  }
}