{
  "config 3 req" : {
    "transaction" : "config 3 req",
    "sampleCount" : 500,
    "errorCount" : 38,
    "errorPct" : 7.6,
    "meanResTime" : 8199.427999999996,
    "medianResTime" : 12842.0,
    "minResTime" : 511.0,
    "maxResTime" : 13860.0,
    "pct1ResTime" : 13637.9,
    "pct2ResTime" : 13738.8,
    "pct3ResTime" : 13824.96,
    "throughput" : 33.87304383171872,
    "receivedKBytesPerSec" : 7.6492213434049185,
    "sentKBytesPerSec" : 5.226504809972225
  },
  "Total" : {
    "transaction" : "Total",
    "sampleCount" : 500,
    "errorCount" : 38,
    "errorPct" : 7.6,
    "meanResTime" : 8199.427999999996,
    "medianResTime" : 12842.0,
    "minResTime" : 511.0,
    "maxResTime" : 13860.0,
    "pct1ResTime" : 13637.9,
    "pct2ResTime" : 13738.8,
    "pct3ResTime" : 13824.96,
    "throughput" : 33.87304383171872,
    "receivedKBytesPerSec" : 7.6492213434049185,
    "sentKBytesPerSec" : 5.226504809972225
  }
}