{
  "config 3 req" : {
    "transaction" : "config 3 req",
    "sampleCount" : 200,
    "errorCount" : 0,
    "errorPct" : 0.0,
    "meanResTime" : 467.5100000000002,
    "medianResTime" : 456.0,
    "minResTime" : 315.0,
    "maxResTime" : 673.0,
    "pct1ResTime" : 539.0,
    "pct2ResTime" : 613.95,
    "pct3ResTime" : 673.0,
    "throughput" : 1.795557790027472,
    "receivedKBytesPerSec" : 0.4050525873987754,
    "sentKBytesPerSec" : 0.2770489558831451
  },
  "Total" : {
    "transaction" : "Total",
    "sampleCount" : 600,
    "errorCount" : 219,
    "errorPct" : 36.5,
    "meanResTime" : 740.8616666666675,
    "medianResTime" : 661.5,
    "minResTime" : 315.0,
    "maxResTime" : 1487.0,
    "pct1ResTime" : 1087.9,
    "pct2ResTime" : 1106.0,
    "pct3ResTime" : 1479.0300000000009,
    "throughput" : 5.34249868663574,
    "receivedKBytesPerSec" : 1.205192574817242,
    "sentKBytesPerSec" : 0.8243308520394989
  },
  "config 2 req" : {
    "transaction" : "config 2 req",
    "sampleCount" : 200,
    "errorCount" : 19,
    "errorPct" : 9.5,
    "meanResTime" : 680.6000000000001,
    "medianResTime" : 657.0,
    "minResTime" : 528.0,
    "maxResTime" : 1061.0,
    "pct1ResTime" : 755.9000000000003,
    "pct2ResTime" : 1011.0,
    "pct3ResTime" : 1058.7900000000002,
    "throughput" : 1.793866769515028,
    "receivedKBytesPerSec" : 0.40467111695114405,
    "sentKBytesPerSec" : 0.2767880367025141
  },
  "config 1 req" : {
    "transaction" : "config 1 req",
    "sampleCount" : 200,
    "errorCount" : 200,
    "errorPct" : 100.0,
    "meanResTime" : 1074.4749999999995,
    "medianResTime" : 1061.0,
    "minResTime" : 928.0,
    "maxResTime" : 1487.0,
    "pct1ResTime" : 1118.8,
    "pct2ResTime" : 1347.099999999998,
    "pct3ResTime" : 1481.99,
    "throughput" : 1.7808328955452464,
    "receivedKBytesPerSec" : 0.401730858272414,
    "sentKBytesPerSec" : 0.27477695067983293
  }
}