{
  "config 3 req" : {
    "transaction" : "config 3 req",
    "sampleCount" : 200,
    "errorCount" : 84,
    "errorPct" : 42.0,
    "meanResTime" : 813.5600000000003,
    "medianResTime" : 725.0,
    "minResTime" : 406.0,
    "maxResTime" : 3236.0,
    "pct1ResTime" : 1378.9,
    "pct2ResTime" : 1444.0,
    "pct3ResTime" : 2158.99,
    "throughput" : 1.7927090522843596,
    "receivedKBytesPerSec" : 0.40440995222430376,
    "sentKBytesPerSec" : 0.27660940455168825
  },
  "Total" : {
    "transaction" : "Total",
    "sampleCount" : 600,
    "errorCount" : 413,
    "errorPct" : 68.833336,
    "meanResTime" : 1038.0433333333322,
    "medianResTime" : 1008.0,
    "minResTime" : 406.0,
    "maxResTime" : 3242.0,
    "pct1ResTime" : 1447.0,
    "pct2ResTime" : 1982.3999999999883,
    "pct3ResTime" : 2357.0,
    "throughput" : 5.3396935015930085,
    "receivedKBytesPerSec" : 1.2045597645195165,
    "sentKBytesPerSec" : 0.8238980207536087
  },
  "config 2 req" : {
    "transaction" : "config 2 req",
    "sampleCount" : 200,
    "errorCount" : 129,
    "errorPct" : 64.5,
    "meanResTime" : 957.7950000000001,
    "medianResTime" : 837.0,
    "minResTime" : 612.0,
    "maxResTime" : 3238.0,
    "pct1ResTime" : 1383.0,
    "pct2ResTime" : 1448.0,
    "pct3ResTime" : 2160.98,
    "throughput" : 1.7926769148030295,
    "receivedKBytesPerSec" : 0.40440270246044907,
    "sentKBytesPerSec" : 0.2766044458387487
  },
  "config 1 req" : {
    "transaction" : "config 1 req",
    "sampleCount" : 200,
    "errorCount" : 200,
    "errorPct" : 100.0,
    "meanResTime" : 1342.7749999999996,
    "medianResTime" : 1254.0,
    "minResTime" : 1002.0,
    "maxResTime" : 3242.0,
    "pct1ResTime" : 1643.0,
    "pct2ResTime" : 2151.0,
    "pct3ResTime" : 3232.6300000000056,
    "throughput" : 1.7798978338643363,
    "receivedKBytesPerSec" : 0.4015199215065055,
    "sentKBytesPerSec" : 0.27463267358453625
  }
}